{"v":"5.5.7","fr":29.9700012207031,"ip":0,"op":33.0000013441176,"w":1000,"h":1000,"nm":"Comp 1","ddd":0,"assets":[],"layers":[{"ddd":0,"ind":1,"ty":3,"nm":"Null 4","sr":1,"ks":{"o":{"a":0,"k":0,"ix":11},"r":{"a":0,"k":0,"ix":10},"p":{"a":0,"k":[92,576,0],"ix":2},"a":{"a":0,"k":[0,0,0],"ix":1},"s":{"a":0,"k":[46,46,100],"ix":6}},"ao":0,"ip":0,"op":60.0000024438501,"st":0,"bm":0},{"ddd":0,"ind":2,"ty":4,"nm":"Star/Gift Outlines 5","parent":1,"sr":1,"ks":{"o":{"a":0,"k":100,"ix":11},"r":{"a":0,"k":0,"ix":10},"p":{"a":0,"k":[486.087,267.217,0],"ix":2},"a":{"a":0,"k":[548,164,0],"ix":1},"s":{"a":1,"k":[{"i":{"x":[0.667,0.667,0.667],"y":[1,1,1]},"o":{"x":[0.167,0.167,0.167],"y":[0.167,0.167,0]},"t":2,"s":[0,0,100]},{"i":{"x":[0.667,0.667,0.667],"y":[1,1,1]},"o":{"x":[0.167,0.167,0.167],"y":[0.167,0.167,0]},"t":6,"s":[100,100,100]},{"i":{"x":[0.667,0.667,0.667],"y":[1,1,1]},"o":{"x":[0.167,0.167,0.167],"y":[0.167,0.167,0]},"t":10,"s":[148,148,100]},{"i":{"x":[0.667,0.667,0.667],"y":[1,1,1]},"o":{"x":[0.167,0.167,0.167],"y":[0.167,0.167,0]},"t":14,"s":[43,43,100]},{"t":15.0000006109625,"s":[0,0,100]}],"ix":6}},"ao":0,"shapes":[{"ty":"gr","it":[{"ind":0,"ty":"sh","ix":1,"ks":{"a":0,"k":{"i":[[0,0],[0,0],[-1.63,4.137],[-2.077,0.819],[0,0],[0,0],[0,0],[-4.137,-1.651],[-0.82,-2.054],[0,0],[0,0],[1.67,-4.137],[2.034,-0.821],[0,0],[0,0],[4.137,1.631],[0.818,2.076],[0,0]],"o":[[0,0],[-4.137,-1.63],[0.819,-2.076],[0,0],[0,0],[0,0],[1.651,-4.136],[2.054,0.819],[0,0],[0,0],[4.137,1.67],[-0.82,2.034],[0,0],[0,0],[-1.631,4.137],[-2.076,-0.818],[0,0],[0,0]],"v":[[-15.446,15.626],[-36.01,7.482],[-40.548,-2.961],[-36.01,-7.499],[-15.446,-15.643],[-15.87,-15.643],[-7.659,-36.22],[2.82,-40.721],[7.321,-36.22],[15.464,-15.643],[36.042,-7.499],[40.508,3.015],[36.042,7.482],[15.464,15.626],[7.321,36.203],[-3.122,40.741],[-7.659,36.203],[-15.802,15.626]],"c":true},"ix":2},"nm":"Path 1","mn":"ADBE Vector Shape - Group","hd":false},{"ty":"fl","c":{"a":0,"k":[1,1,1,1],"ix":4},"o":{"a":0,"k":100,"ix":5},"r":1,"bm":0,"nm":"Fill 1","mn":"ADBE Vector Graphic - Fill","hd":false},{"ty":"tr","p":{"a":0,"k":[548.392,162.423],"ix":2},"a":{"a":0,"k":[0,0],"ix":1},"s":{"a":0,"k":[100,100],"ix":3},"r":{"a":0,"k":0,"ix":6},"o":{"a":0,"k":100,"ix":7},"sk":{"a":0,"k":0,"ix":4},"sa":{"a":0,"k":0,"ix":5},"nm":"Transform"}],"nm":"Group 1","np":4,"cix":2,"bm":0,"ix":1,"mn":"ADBE Vector Group","hd":false}],"ip":2.00000008146167,"op":62.0000025253118,"st":2.00000008146167,"bm":0},{"ddd":0,"ind":3,"ty":4,"nm":"Star/Gift Outlines 4","parent":1,"sr":1,"ks":{"o":{"a":0,"k":100,"ix":11},"r":{"a":0,"k":0,"ix":10},"p":{"a":0,"k":[1238.261,-619.739,0],"ix":2},"a":{"a":0,"k":[548,164,0],"ix":1},"s":{"a":1,"k":[{"i":{"x":[0.667,0.667,0.667],"y":[1,1,1]},"o":{"x":[0.167,0.167,0.167],"y":[0.167,0.167,0]},"t":10,"s":[0,0,100]},{"i":{"x":[0.667,0.667,0.667],"y":[1,1,1]},"o":{"x":[0.167,0.167,0.167],"y":[0.167,0.167,0]},"t":14,"s":[100,100,100]},{"i":{"x":[0.667,0.667,0.667],"y":[1,1,1]},"o":{"x":[0.167,0.167,0.167],"y":[0.167,0.167,0]},"t":18,"s":[148,148,100]},{"i":{"x":[0.667,0.667,0.667],"y":[1,1,1]},"o":{"x":[0.167,0.167,0.167],"y":[0.167,0.167,0]},"t":22,"s":[43,43,100]},{"t":23.0000009368092,"s":[0,0,100]}],"ix":6}},"ao":0,"shapes":[{"ty":"gr","it":[{"ind":0,"ty":"sh","ix":1,"ks":{"a":0,"k":{"i":[[0,0],[0,0],[-1.63,4.137],[-2.077,0.819],[0,0],[0,0],[0,0],[-4.137,-1.651],[-0.82,-2.054],[0,0],[0,0],[1.67,-4.137],[2.034,-0.821],[0,0],[0,0],[4.137,1.631],[0.818,2.076],[0,0]],"o":[[0,0],[-4.137,-1.63],[0.819,-2.076],[0,0],[0,0],[0,0],[1.651,-4.136],[2.054,0.819],[0,0],[0,0],[4.137,1.67],[-0.82,2.034],[0,0],[0,0],[-1.631,4.137],[-2.076,-0.818],[0,0],[0,0]],"v":[[-15.446,15.626],[-36.01,7.482],[-40.548,-2.961],[-36.01,-7.499],[-15.446,-15.643],[-15.87,-15.643],[-7.659,-36.22],[2.82,-40.721],[7.321,-36.22],[15.464,-15.643],[36.042,-7.499],[40.508,3.015],[36.042,7.482],[15.464,15.626],[7.321,36.203],[-3.122,40.741],[-7.659,36.203],[-15.802,15.626]],"c":true},"ix":2},"nm":"Path 1","mn":"ADBE Vector Shape - Group","hd":false},{"ty":"fl","c":{"a":0,"k":[1,0.845796592563,0.651271446078,1],"ix":4},"o":{"a":0,"k":100,"ix":5},"r":1,"bm":0,"nm":"Fill 1","mn":"ADBE Vector Graphic - Fill","hd":false},{"ty":"tr","p":{"a":0,"k":[548.392,162.423],"ix":2},"a":{"a":0,"k":[0,0],"ix":1},"s":{"a":0,"k":[100,100],"ix":3},"r":{"a":0,"k":0,"ix":6},"o":{"a":0,"k":100,"ix":7},"sk":{"a":0,"k":0,"ix":4},"sa":{"a":0,"k":0,"ix":5},"nm":"Transform"}],"nm":"Group 1","np":4,"cix":2,"bm":0,"ix":1,"mn":"ADBE Vector Group","hd":false}],"ip":10.0000004073083,"op":70.0000028511585,"st":10.0000004073083,"bm":0},{"ddd":0,"ind":4,"ty":4,"nm":"Star/Gift Outlines 3","parent":1,"sr":1,"ks":{"o":{"a":0,"k":100,"ix":11},"r":{"a":0,"k":0,"ix":10},"p":{"a":0,"k":[260,-141.478,0],"ix":2},"a":{"a":0,"k":[548,164,0],"ix":1},"s":{"a":1,"k":[{"i":{"x":[0.667,0.667,0.667],"y":[1,1,1]},"o":{"x":[0.167,0.167,0.167],"y":[0.167,0.167,0]},"t":3,"s":[0,0,100]},{"i":{"x":[0.667,0.667,0.667],"y":[1,1,1]},"o":{"x":[0.167,0.167,0.167],"y":[0.167,0.167,0]},"t":7,"s":[100,100,100]},{"i":{"x":[0.667,0.667,0.667],"y":[1,1,1]},"o":{"x":[0.167,0.167,0.167],"y":[0.167,0.167,0]},"t":11,"s":[148,148,100]},{"i":{"x":[0.667,0.667,0.667],"y":[1,1,1]},"o":{"x":[0.167,0.167,0.167],"y":[0.167,0.167,0]},"t":15,"s":[43,43,100]},{"t":16.0000006516934,"s":[0,0,100]}],"ix":6}},"ao":0,"shapes":[{"ty":"gr","it":[{"ind":0,"ty":"sh","ix":1,"ks":{"a":0,"k":{"i":[[0,0],[0,0],[-1.63,4.137],[-2.077,0.819],[0,0],[0,0],[0,0],[-4.137,-1.651],[-0.82,-2.054],[0,0],[0,0],[1.67,-4.137],[2.034,-0.821],[0,0],[0,0],[4.137,1.631],[0.818,2.076],[0,0]],"o":[[0,0],[-4.137,-1.63],[0.819,-2.076],[0,0],[0,0],[0,0],[1.651,-4.136],[2.054,0.819],[0,0],[0,0],[4.137,1.67],[-0.82,2.034],[0,0],[0,0],[-1.631,4.137],[-2.076,-0.818],[0,0],[0,0]],"v":[[-15.446,15.626],[-36.01,7.482],[-40.548,-2.961],[-36.01,-7.499],[-15.446,-15.643],[-15.87,-15.643],[-7.659,-36.22],[2.82,-40.721],[7.321,-36.22],[15.464,-15.643],[36.042,-7.499],[40.508,3.015],[36.042,7.482],[15.464,15.626],[7.321,36.203],[-3.122,40.741],[-7.659,36.203],[-15.802,15.626]],"c":true},"ix":2},"nm":"Path 1","mn":"ADBE Vector Shape - Group","hd":false},{"ty":"fl","c":{"a":0,"k":[1,1,1,1],"ix":4},"o":{"a":0,"k":100,"ix":5},"r":1,"bm":0,"nm":"Fill 1","mn":"ADBE Vector Graphic - Fill","hd":false},{"ty":"tr","p":{"a":0,"k":[548.392,162.423],"ix":2},"a":{"a":0,"k":[0,0],"ix":1},"s":{"a":0,"k":[100,100],"ix":3},"r":{"a":0,"k":0,"ix":6},"o":{"a":0,"k":100,"ix":7},"sk":{"a":0,"k":0,"ix":4},"sa":{"a":0,"k":0,"ix":5},"nm":"Transform"}],"nm":"Group 1","np":4,"cix":2,"bm":0,"ix":1,"mn":"ADBE Vector Group","hd":false}],"ip":3.00000012219251,"op":63.0000025660426,"st":3.00000012219251,"bm":0},{"ddd":0,"ind":5,"ty":4,"nm":"Star/Gift Outlines 6","sr":1,"ks":{"o":{"a":0,"k":100,"ix":11},"r":{"a":0,"k":0,"ix":10},"p":{"a":0,"k":[818,606,0],"ix":2},"a":{"a":0,"k":[548,164,0],"ix":1},"s":{"a":1,"k":[{"i":{"x":[0.667,0.667,0.667],"y":[1,1,1]},"o":{"x":[0.167,0.167,0.167],"y":[0.167,0.167,16.667]},"t":1,"s":[0,0,100]},{"i":{"x":[0.667,0.667,0.667],"y":[1,1,1]},"o":{"x":[0.167,0.167,0.167],"y":[0.167,0.167,0.113]},"t":5,"s":[100,100,100]},{"i":{"x":[0.667,0.667,0.667],"y":[1,1,1]},"o":{"x":[0.167,0.167,0.167],"y":[0.167,0.167,-0.492]},"t":9,"s":[148,148,100]},{"i":{"x":[0.667,0.667,0.667],"y":[1,1,1]},"o":{"x":[0.167,0.167,0.167],"y":[0.167,0.167,-16.288]},"t":13,"s":[43,43,100]},{"t":14.0000005702317,"s":[0,0,100]}],"ix":6}},"ao":0,"shapes":[{"ty":"gr","it":[{"ind":0,"ty":"sh","ix":1,"ks":{"a":0,"k":{"i":[[0,0],[0,0],[-1.63,4.137],[-2.077,0.819],[0,0],[0,0],[0,0],[-4.137,-1.651],[-0.82,-2.054],[0,0],[0,0],[1.67,-4.137],[2.034,-0.821],[0,0],[0,0],[4.137,1.631],[0.818,2.076],[0,0]],"o":[[0,0],[-4.137,-1.63],[0.819,-2.076],[0,0],[0,0],[0,0],[1.651,-4.136],[2.054,0.819],[0,0],[0,0],[4.137,1.67],[-0.82,2.034],[0,0],[0,0],[-1.631,4.137],[-2.076,-0.818],[0,0],[0,0]],"v":[[-15.446,15.626],[-36.01,7.482],[-40.548,-2.961],[-36.01,-7.499],[-15.446,-15.643],[-15.87,-15.643],[-7.659,-36.22],[2.82,-40.721],[7.321,-36.22],[15.464,-15.643],[36.042,-7.499],[40.508,3.015],[36.042,7.482],[15.464,15.626],[7.321,36.203],[-3.122,40.741],[-7.659,36.203],[-15.802,15.626]],"c":true},"ix":2},"nm":"Path 1","mn":"ADBE Vector Shape - Group","hd":false},{"ty":"fl","c":{"a":0,"k":[1,0.735569852941,0,1],"ix":4},"o":{"a":0,"k":100,"ix":5},"r":1,"bm":0,"nm":"Fill 1","mn":"ADBE Vector Graphic - Fill","hd":false},{"ty":"tr","p":{"a":0,"k":[548.392,162.423],"ix":2},"a":{"a":0,"k":[0,0],"ix":1},"s":{"a":0,"k":[100,100],"ix":3},"r":{"a":0,"k":0,"ix":6},"o":{"a":0,"k":100,"ix":7},"sk":{"a":0,"k":0,"ix":4},"sa":{"a":0,"k":0,"ix":5},"nm":"Transform"}],"nm":"Group 1","np":4,"cix":2,"bm":0,"ix":1,"mn":"ADBE Vector Group","hd":false}],"ip":1.00000004073083,"op":61.0000024845809,"st":1.00000004073083,"bm":0},{"ddd":0,"ind":6,"ty":4,"nm":"Star/Gift Outlines 2","sr":1,"ks":{"o":{"a":0,"k":100,"ix":11},"r":{"a":0,"k":0,"ix":10},"p":{"a":0,"k":[550,488,0],"ix":2},"a":{"a":0,"k":[548,164,0],"ix":1},"s":{"a":1,"k":[{"i":{"x":[0.667,0.667,0.667],"y":[1,1,1]},"o":{"x":[0.167,0.167,0.167],"y":[0.167,0.167,16.667]},"t":4,"s":[0,0,100]},{"i":{"x":[0.667,0.667,0.667],"y":[1,1,1]},"o":{"x":[0.167,0.167,0.167],"y":[0.167,0.167,0.113]},"t":8,"s":[100,100,100]},{"i":{"x":[0.667,0.667,0.667],"y":[1,1,1]},"o":{"x":[0.167,0.167,0.167],"y":[0.167,0.167,-0.492]},"t":12,"s":[148,148,100]},{"i":{"x":[0.667,0.667,0.667],"y":[1,1,1]},"o":{"x":[0.167,0.167,0.167],"y":[0.167,0.167,-16.288]},"t":16,"s":[43,43,100]},{"t":17.0000006924242,"s":[0,0,100]}],"ix":6}},"ao":0,"shapes":[{"ty":"gr","it":[{"ind":0,"ty":"sh","ix":1,"ks":{"a":0,"k":{"i":[[0,0],[0,0],[-1.63,4.137],[-2.077,0.819],[0,0],[0,0],[0,0],[-4.137,-1.651],[-0.82,-2.054],[0,0],[0,0],[1.67,-4.137],[2.034,-0.821],[0,0],[0,0],[4.137,1.631],[0.818,2.076],[0,0]],"o":[[0,0],[-4.137,-1.63],[0.819,-2.076],[0,0],[0,0],[0,0],[1.651,-4.136],[2.054,0.819],[0,0],[0,0],[4.137,1.67],[-0.82,2.034],[0,0],[0,0],[-1.631,4.137],[-2.076,-0.818],[0,0],[0,0]],"v":[[-15.446,15.626],[-36.01,7.482],[-40.548,-2.961],[-36.01,-7.499],[-15.446,-15.643],[-15.87,-15.643],[-7.659,-36.22],[2.82,-40.721],[7.321,-36.22],[15.464,-15.643],[36.042,-7.499],[40.508,3.015],[36.042,7.482],[15.464,15.626],[7.321,36.203],[-3.122,40.741],[-7.659,36.203],[-15.802,15.626]],"c":true},"ix":2},"nm":"Path 1","mn":"ADBE Vector Shape - Group","hd":false},{"ty":"fl","c":{"a":0,"k":[1,0.735569852941,0,1],"ix":4},"o":{"a":0,"k":100,"ix":5},"r":1,"bm":0,"nm":"Fill 1","mn":"ADBE Vector Graphic - Fill","hd":false},{"ty":"tr","p":{"a":0,"k":[548.392,162.423],"ix":2},"a":{"a":0,"k":[0,0],"ix":1},"s":{"a":0,"k":[100,100],"ix":3},"r":{"a":0,"k":0,"ix":6},"o":{"a":0,"k":100,"ix":7},"sk":{"a":0,"k":0,"ix":4},"sa":{"a":0,"k":0,"ix":5},"nm":"Transform"}],"nm":"Group 1","np":4,"cix":2,"bm":0,"ix":1,"mn":"ADBE Vector Group","hd":false}],"ip":4.00000016292334,"op":64.0000026067734,"st":4.00000016292334,"bm":0},{"ddd":0,"ind":7,"ty":4,"nm":"Star/Gift Outlines","sr":1,"ks":{"o":{"a":0,"k":100,"ix":11},"r":{"a":0,"k":0,"ix":10},"p":{"a":0,"k":[162,632,0],"ix":2},"a":{"a":0,"k":[548,164,0],"ix":1},"s":{"a":1,"k":[{"i":{"x":[0.667,0.667,0.667],"y":[1,1,1]},"o":{"x":[0.167,0.167,0.167],"y":[0.167,0.167,16.667]},"t":0,"s":[0,0,100]},{"i":{"x":[0.667,0.667,0.667],"y":[1,1,1]},"o":{"x":[0.167,0.167,0.167],"y":[0.167,0.167,0.113]},"t":4,"s":[100,100,100]},{"i":{"x":[0.667,0.667,0.667],"y":[1,1,1]},"o":{"x":[0.167,0.167,0.167],"y":[0.167,0.167,-0.492]},"t":8,"s":[148,148,100]},{"i":{"x":[0.667,0.667,0.667],"y":[1,1,1]},"o":{"x":[0.167,0.167,0.167],"y":[0.167,0.167,-16.288]},"t":12,"s":[43,43,100]},{"t":13.0000005295009,"s":[0,0,100]}],"ix":6}},"ao":0,"shapes":[{"ty":"gr","it":[{"ind":0,"ty":"sh","ix":1,"ks":{"a":0,"k":{"i":[[0,0],[0,0],[-1.63,4.137],[-2.077,0.819],[0,0],[0,0],[0,0],[-4.137,-1.651],[-0.82,-2.054],[0,0],[0,0],[1.67,-4.137],[2.034,-0.821],[0,0],[0,0],[4.137,1.631],[0.818,2.076],[0,0]],"o":[[0,0],[-4.137,-1.63],[0.819,-2.076],[0,0],[0,0],[0,0],[1.651,-4.136],[2.054,0.819],[0,0],[0,0],[4.137,1.67],[-0.82,2.034],[0,0],[0,0],[-1.631,4.137],[-2.076,-0.818],[0,0],[0,0]],"v":[[-15.446,15.626],[-36.01,7.482],[-40.548,-2.961],[-36.01,-7.499],[-15.446,-15.643],[-15.87,-15.643],[-7.659,-36.22],[2.82,-40.721],[7.321,-36.22],[15.464,-15.643],[36.042,-7.499],[40.508,3.015],[36.042,7.482],[15.464,15.626],[7.321,36.203],[-3.122,40.741],[-7.659,36.203],[-15.802,15.626]],"c":true},"ix":2},"nm":"Path 1","mn":"ADBE Vector Shape - Group","hd":false},{"ty":"fl","c":{"a":0,"k":[1,0.650275795133,0,1],"ix":4},"o":{"a":0,"k":100,"ix":5},"r":1,"bm":0,"nm":"Fill 1","mn":"ADBE Vector Graphic - Fill","hd":false},{"ty":"tr","p":{"a":0,"k":[548.392,162.423],"ix":2},"a":{"a":0,"k":[0,0],"ix":1},"s":{"a":0,"k":[100,100],"ix":3},"r":{"a":0,"k":0,"ix":6},"o":{"a":0,"k":100,"ix":7},"sk":{"a":0,"k":0,"ix":4},"sa":{"a":0,"k":0,"ix":5},"nm":"Transform"}],"nm":"Group 1","np":4,"cix":2,"bm":0,"ix":1,"mn":"ADBE Vector Group","hd":false}],"ip":0,"op":60.0000024438501,"st":0,"bm":0},{"ddd":0,"ind":8,"ty":3,"nm":"Ribbon","sr":1,"ks":{"o":{"a":0,"k":0,"ix":11},"r":{"a":1,"k":[{"i":{"x":[0.667],"y":[1]},"o":{"x":[0.167],"y":[0.167]},"t":2,"s":[0]},{"i":{"x":[0.667],"y":[1]},"o":{"x":[0.167],"y":[0.167]},"t":4,"s":[-2]},{"i":{"x":[0.667],"y":[1]},"o":{"x":[0.167],"y":[0.167]},"t":6,"s":[4]},{"i":{"x":[0.667],"y":[1]},"o":{"x":[0.167],"y":[0.167]},"t":10,"s":[-6]},{"i":{"x":[0.667],"y":[1]},"o":{"x":[0.167],"y":[0.167]},"t":14,"s":[5]},{"t":16.0000006516934,"s":[0]}],"ix":10},"p":{"a":1,"k":[{"i":{"x":0.667,"y":1},"o":{"x":0.167,"y":0.167},"t":0,"s":[500,500,0],"to":[0,-1.167,0],"ti":[0,13,0]},{"i":{"x":0.667,"y":1},"o":{"x":0.167,"y":0.167},"t":2,"s":[500,493,0],"to":[0,-13,0],"ti":[-0.667,11.833,0]},{"i":{"x":0.667,"y":1},"o":{"x":0.167,"y":0.167},"t":6,"s":[500,422,0],"to":[0.667,-11.833,0],"ti":[-0.667,-9.833,0]},{"i":{"x":0.667,"y":1},"o":{"x":0.167,"y":0.167},"t":10,"s":[504,422,0],"to":[0.667,9.833,0],"ti":[0,-13.333,0]},{"i":{"x":0.667,"y":1},"o":{"x":0.167,"y":0.167},"t":12,"s":[504,481,0],"to":[0,13.333,0],"ti":[0,-3.5,0]},{"t":16.0000006516934,"s":[504,502,0]}],"ix":2},"a":{"a":0,"k":[0,0,0],"ix":1},"s":{"a":1,"k":[{"i":{"x":[0.667,0.667,0.667],"y":[1,1,1]},"o":{"x":[0.167,0.167,0.167],"y":[0,0,0]},"t":0,"s":[100,100,100]},{"i":{"x":[0.667,0.667,0.667],"y":[1,1,1]},"o":{"x":[0.167,0.167,0.167],"y":[0.167,0.167,-0.163]},"t":6,"s":[100,100,100]},{"t":8.00000032584668,"s":[101,101,100]}],"ix":6}},"ao":0,"ip":0,"op":60.0000024438501,"st":0,"bm":0},{"ddd":0,"ind":9,"ty":3,"nm":"Cover","sr":1,"ks":{"o":{"a":0,"k":0,"ix":11},"r":{"a":1,"k":[{"i":{"x":[0.667],"y":[1]},"o":{"x":[0.167],"y":[0.167]},"t":0,"s":[0]},{"i":{"x":[0.667],"y":[1]},"o":{"x":[0.167],"y":[0.167]},"t":4,"s":[3]},{"i":{"x":[0.667],"y":[1]},"o":{"x":[0.167],"y":[0]},"t":6,"s":[-2]},{"i":{"x":[0.667],"y":[1]},"o":{"x":[0.167],"y":[0.167]},"t":10,"s":[-2]},{"i":{"x":[0.667],"y":[1]},"o":{"x":[0.167],"y":[0.167]},"t":12,"s":[4]},{"t":16.0000006516934,"s":[0]}],"ix":10},"p":{"a":1,"k":[{"i":{"x":0.667,"y":0.667},"o":{"x":0.167,"y":0.167},"t":0,"s":[504,544,0],"to":[0,0,0],"ti":[0,0,0]},{"i":{"x":0.667,"y":1},"o":{"x":0.167,"y":0.167},"t":4,"s":[504,544,0],"to":[0,-9.667,0],"ti":[0,0,0]},{"i":{"x":0.667,"y":1},"o":{"x":0.167,"y":0.167},"t":6,"s":[504,486,0],"to":[0,0,0],"ti":[0,-9.667,0]},{"i":{"x":0.667,"y":0.667},"o":{"x":0.167,"y":0.167},"t":12,"s":[504,544,0],"to":[0,0,0],"ti":[0,0,0]},{"t":14.0000005702317,"s":[504,544,0]}],"ix":2},"a":{"a":0,"k":[52,50,0],"ix":1},"s":{"a":1,"k":[{"i":{"x":[0.667,0.667,0.667],"y":[1,1,1]},"o":{"x":[0.167,0.167,0.167],"y":[0.167,0,0]},"t":0,"s":[100,100,100]},{"i":{"x":[0.667,0.667,0.667],"y":[1,1,1]},"o":{"x":[0.167,0.167,0.167],"y":[0.167,0,0]},"t":4,"s":[110,100,100]},{"i":{"x":[0.667,0.667,0.667],"y":[1,1,1]},"o":{"x":[0.167,0.167,0.167],"y":[0.167,0,0]},"t":6,"s":[89,100,100]},{"i":{"x":[0.667,0.667,0.667],"y":[1,1,1]},"o":{"x":[0.167,0.167,0.167],"y":[0.167,0,0]},"t":12,"s":[110,100,100]},{"t":14.0000005702317,"s":[100,100,100]}],"ix":6}},"ao":0,"ip":0,"op":60.0000024438501,"st":0,"bm":0},{"ddd":0,"ind":10,"ty":4,"nm":"Layer 10/Gift Outlines","parent":9,"sr":1,"ks":{"o":{"a":0,"k":100,"ix":11},"r":{"a":0,"k":0,"ix":10},"p":{"a":0,"k":[48,6,0],"ix":2},"a":{"a":0,"k":[500,500,0],"ix":1},"s":{"a":0,"k":[100,100,100],"ix":6}},"ao":0,"shapes":[{"ty":"gr","it":[{"ind":0,"ty":"sh","ix":1,"ks":{"a":0,"k":{"i":[[12.902,0],[0,0],[0,16.91],[0,0],[12.902,0],[0,0],[0,-16.937],[0,0]],"o":[[0,0],[12.902,0],[0,0],[0,-16.937],[0,0],[12.902,0],[0,0],[0,16.91]],"v":[[-57.448,57.958],[34.091,57.958],[57.448,27.297],[57.448,-27.298],[34.091,-57.958],[-57.448,-57.958],[-34.093,-27.298],[-34.093,27.297]],"c":true},"ix":2},"nm":"Path 1","mn":"ADBE Vector Shape - Group","hd":false},{"ty":"gf","o":{"a":0,"k":100,"ix":10},"r":1,"bm":0,"g":{"p":3,"k":{"a":0,"k":[0.001,1,0.545,0,0.372,0.984,0.629,0,1,0.969,0.714,0],"ix":9}},"s":{"a":0,"k":[29.398,34.648],"ix":5},"e":{"a":0,"k":[-19.961,-60.75],"ix":6},"t":1,"nm":"Gradient Fill 1","mn":"ADBE Vector Graphic - G-Fill","hd":false},{"ty":"tr","p":{"a":0,"k":[672.416,488.878],"ix":2},"a":{"a":0,"k":[0,0],"ix":1},"s":{"a":0,"k":[100,100],"ix":3},"r":{"a":0,"k":0,"ix":6},"o":{"a":0,"k":100,"ix":7},"sk":{"a":0,"k":0,"ix":4},"sa":{"a":0,"k":0,"ix":5},"nm":"Transform"}],"nm":"Group 1","np":4,"cix":2,"bm":0,"ix":1,"mn":"ADBE Vector Group","hd":false}],"ip":0,"op":60.0000024438501,"st":0,"bm":0},{"ddd":0,"ind":11,"ty":4,"nm":"Layer 11/Gift Outlines","parent":9,"sr":1,"ks":{"o":{"a":0,"k":100,"ix":11},"r":{"a":0,"k":0,"ix":10},"p":{"a":0,"k":[48,6,0],"ix":2},"a":{"a":0,"k":[500,500,0],"ix":1},"s":{"a":0,"k":[100,100,100],"ix":6}},"ao":0,"shapes":[{"ty":"gr","it":[{"ind":0,"ty":"sh","ix":1,"ks":{"a":0,"k":{"i":[[-12.902,0],[0,0],[0,16.91],[0,0],[-12.902,0],[0,0],[0,-16.937],[0,0]],"o":[[0,0],[-12.902,0],[0,0],[0,-16.937],[0,0],[-12.902,0],[0,0],[0,16.91]],"v":[[57.448,57.958],[-34.093,57.958],[-57.449,27.297],[-57.449,-27.298],[-34.093,-57.958],[57.448,-57.958],[34.091,-27.298],[34.091,27.297]],"c":true},"ix":2},"nm":"Path 1","mn":"ADBE Vector Shape - Group","hd":false},{"ty":"gf","o":{"a":0,"k":100,"ix":10},"r":1,"bm":0,"g":{"p":3,"k":{"a":0,"k":[0.001,1,0.545,0,0.372,0.984,0.629,0,1,0.969,0.714,0],"ix":9}},"s":{"a":0,"k":[-45.344,-33.898],"ix":5},"e":{"a":0,"k":[59.312,89.406],"ix":6},"t":1,"nm":"Gradient Fill 1","mn":"ADBE Vector Graphic - G-Fill","hd":false},{"ty":"tr","p":{"a":0,"k":[328.519,488.878],"ix":2},"a":{"a":0,"k":[0,0],"ix":1},"s":{"a":0,"k":[100,100],"ix":3},"r":{"a":0,"k":0,"ix":6},"o":{"a":0,"k":100,"ix":7},"sk":{"a":0,"k":0,"ix":4},"sa":{"a":0,"k":0,"ix":5},"nm":"Transform"}],"nm":"Group 1","np":4,"cix":2,"bm":0,"ix":1,"mn":"ADBE Vector Group","hd":false}],"ip":0,"op":60.0000024438501,"st":0,"bm":0},{"ddd":0,"ind":12,"ty":4,"nm":"Cover/Gift Outlines","parent":9,"sr":1,"ks":{"o":{"a":0,"k":100,"ix":11},"r":{"a":0,"k":0,"ix":10},"p":{"a":0,"k":[48,6,0],"ix":2},"a":{"a":0,"k":[500,500,0],"ix":1},"s":{"a":0,"k":[100,100,100],"ix":6}},"ao":0,"shapes":[{"ty":"gr","it":[{"ind":0,"ty":"sh","ix":1,"ks":{"a":0,"k":{"i":[[14.164,0],[0,0],[0,14.164],[0,0],[-14.164,0],[0,0],[0,-14.164],[0,0]],"o":[[0,0],[-14.164,0],[0,0],[0,-14.164],[0,0],[14.164,0],[0,0],[0,14.164]],"v":[[166.268,57.956],[-166.268,57.956],[-191.914,32.31],[-191.914,-32.31],[-166.268,-57.956],[166.268,-57.956],[191.914,-32.31],[191.914,32.31]],"c":true},"ix":2},"nm":"Path 1","mn":"ADBE Vector Shape - Group","hd":false},{"ty":"gf","o":{"a":0,"k":100,"ix":10},"r":1,"bm":0,"g":{"p":3,"k":{"a":0,"k":[0.001,0.525,0.031,1,0.372,0.596,0.137,1,1,0.667,0.243,1],"ix":9}},"s":{"a":0,"k":[-181.07,-1.867],"ix":5},"e":{"a":0,"k":[189.438,-3.156],"ix":6},"t":1,"nm":"Gradient Fill 1","mn":"ADBE Vector Graphic - G-Fill","hd":false},{"ty":"tr","p":{"a":0,"k":[356.471,488.878],"ix":2},"a":{"a":0,"k":[0,0],"ix":1},"s":{"a":0,"k":[100,100],"ix":3},"r":{"a":0,"k":0,"ix":6},"o":{"a":0,"k":100,"ix":7},"sk":{"a":0,"k":0,"ix":4},"sa":{"a":0,"k":0,"ix":5},"nm":"Transform"}],"nm":"Group 1","np":4,"cix":2,"bm":0,"ix":1,"mn":"ADBE Vector Group","hd":false}],"ip":0,"op":60.0000024438501,"st":0,"bm":0},{"ddd":0,"ind":13,"ty":4,"nm":"Layer 1/Gift Outlines","parent":9,"sr":1,"ks":{"o":{"a":0,"k":100,"ix":11},"r":{"a":0,"k":0,"ix":10},"p":{"a":0,"k":[48,6,0],"ix":2},"a":{"a":0,"k":[500,500,0],"ix":1},"s":{"a":0,"k":[100,100,100],"ix":6}},"ao":0,"shapes":[{"ty":"gr","it":[{"ind":0,"ty":"sh","ix":1,"ks":{"a":0,"k":{"i":[[14.779,0],[0,0],[0,14.78],[0,0],[-14.779,0],[0,0],[0,-14.779],[0,0]],"o":[[0,0],[-14.779,0],[0,0],[0,-14.779],[0,0],[14.779,0],[0,0],[0,14.78]],"v":[[182.189,57.956],[-182.189,57.956],[-208.949,31.196],[-208.949,-31.196],[-182.189,-57.956],[182.189,-57.956],[208.949,-31.196],[208.949,31.196]],"c":true},"ix":2},"nm":"Path 1","mn":"ADBE Vector Shape - Group","hd":false},{"ty":"gf","o":{"a":0,"k":100,"ix":10},"r":1,"bm":0,"g":{"p":3,"k":{"a":0,"k":[0.001,0.525,0.031,1,0.372,0.596,0.137,1,1,0.667,0.243,1],"ix":9}},"s":{"a":0,"k":[-62.211,-0.219],"ix":5},"e":{"a":0,"k":[355.203,0.648],"ix":6},"t":1,"nm":"Gradient Fill 1","mn":"ADBE Vector Graphic - G-Fill","hd":false},{"ty":"tr","p":{"a":0,"k":[605.317,488.878],"ix":2},"a":{"a":0,"k":[0,0],"ix":1},"s":{"a":0,"k":[100,100],"ix":3},"r":{"a":0,"k":0,"ix":6},"o":{"a":0,"k":100,"ix":7},"sk":{"a":0,"k":0,"ix":4},"sa":{"a":0,"k":0,"ix":5},"nm":"Transform"}],"nm":"Group 1","np":4,"cix":2,"bm":0,"ix":1,"mn":"ADBE Vector Group","hd":false},{"ty":"gr","it":[{"ind":0,"ty":"sh","ix":1,"ks":{"a":0,"k":{"i":[[12.902,0],[0,0],[0,16.91],[0,0],[12.902,0],[0,0],[0,-16.937],[0,0]],"o":[[0,0],[12.902,0],[0,0],[0,-16.937],[0,0],[12.902,0],[0,0],[0,16.91]],"v":[[-57.448,57.958],[34.091,57.958],[57.448,27.297],[57.448,-27.298],[34.091,-57.958],[-57.448,-57.958],[-34.093,-27.298],[-34.093,27.297]],"c":true},"ix":2},"nm":"Path 1","mn":"ADBE Vector Shape - Group","hd":false},{"ty":"gf","o":{"a":0,"k":100,"ix":10},"r":1,"bm":0,"g":{"p":3,"k":{"a":0,"k":[0.001,0.525,0.031,1,0.372,0.596,0.137,1,1,0.667,0.243,1],"ix":9}},"s":{"a":0,"k":[-62.211,-0.219],"ix":5},"e":{"a":0,"k":[100,0],"ix":6},"t":1,"nm":"Gradient Fill 1","mn":"ADBE Vector Graphic - G-Fill","hd":false},{"ty":"tr","p":{"a":0,"k":[672.416,488.878],"ix":2},"a":{"a":0,"k":[0,0],"ix":1},"s":{"a":0,"k":[100,100],"ix":3},"r":{"a":0,"k":0,"ix":6},"o":{"a":0,"k":100,"ix":7},"sk":{"a":0,"k":0,"ix":4},"sa":{"a":0,"k":0,"ix":5},"nm":"Transform"}],"nm":"Group 2","np":4,"cix":2,"bm":0,"ix":2,"mn":"ADBE Vector Group","hd":false}],"ip":0,"op":60.0000024438501,"st":0,"bm":0},{"ddd":0,"ind":14,"ty":4,"nm":"ribbon/Gift Outlines","parent":8,"sr":1,"ks":{"o":{"a":0,"k":100,"ix":11},"r":{"a":0,"k":0,"ix":10},"p":{"a":0,"k":[0,0,0],"ix":2},"a":{"a":0,"k":[500,500,0],"ix":1},"s":{"a":0,"k":[100,100,100],"ix":6}},"ao":0,"shapes":[{"ty":"gr","it":[{"ind":0,"ty":"sh","ix":1,"ks":{"a":0,"k":{"i":[[25.546,0],[0,0],[0,0],[-23.932,15.962],[-17.763,0.221],[-0.395,0],[0,0],[0,-25.547]],"o":[[0,0],[0,0],[0,-30.868],[13.812,-9.224],[0.395,-0.023],[0,0],[25.546,0],[0,25.546]],"v":[[173.878,46.33],[23.234,46.33],[23.234,42.694],[62.966,-31.39],[111.073,-46.307],[112.258,-46.33],[173.878,-46.33],[220.206,0]],"c":true},"ix":2},"nm":"Path 1","mn":"ADBE Vector Shape - Group","hd":false},{"ind":1,"ty":"sh","ix":2,"ks":{"a":0,"k":{"i":[[0,0],[0,0],[0,25.546],[-25.546,0],[0,0],[0,-49.084]],"o":[[0,0],[-25.546,0],[0,-25.547],[0,0],[49.083,0],[0,0]],"v":[[-23.234,46.33],[-173.878,46.33],[-220.207,0],[-173.878,-46.33],[-112.258,-46.33],[-23.234,42.694]],"c":true},"ix":2},"nm":"Path 2","mn":"ADBE Vector Shape - Group","hd":false},{"ind":2,"ty":"sh","ix":3,"ks":{"a":0,"k":{"i":[[37.268,1.244],[0.79,0],[0,0],[2.417,-0.162],[16.938,-12.721],[0,-36.688],[58.505,3.764],[2.451,0],[0,0],[0,-38.36],[-38.349,0],[0,0],[0,0],[0,38.36]],"o":[[-0.779,-0.034],[0,0],[-2.451,0],[-22.398,1.441],[-27.301,20.481],[0,-59.447],[-2.417,-0.162],[0,0],[-38.349,0],[0,38.36],[0,0],[0,0],[38.349,0],[0,-37.571]],"v":[[176.235,-69.519],[173.878,-69.565],[112.258,-69.565],[104.962,-69.321],[45.005,-47.12],[0,42.694],[-104.962,-69.321],[-112.258,-69.565],[-173.878,-69.565],[-243.441,0],[-173.878,69.565],[0,69.565],[173.878,69.565],[243.441,0]],"c":true},"ix":2},"nm":"Path 3","mn":"ADBE Vector Shape - Group","hd":false},{"ty":"mm","mm":1,"nm":"Merge Paths 1","mn":"ADBE Vector Filter - Merge","hd":false},{"ty":"gf","o":{"a":0,"k":100,"ix":10},"r":1,"bm":0,"g":{"p":3,"k":{"a":0,"k":[0.001,1,0.545,0,0.372,0.984,0.629,0,1,0.969,0.714,0],"ix":9}},"s":{"a":0,"k":[275,47.852],"ix":5},"e":{"a":0,"k":[-199.945,-59.633],"ix":6},"t":1,"nm":"Gradient Fill 1","mn":"ADBE Vector Graphic - G-Fill","hd":false},{"ty":"tr","p":{"a":0,"k":[469.098,361.355],"ix":2},"a":{"a":0,"k":[0,0],"ix":1},"s":{"a":0,"k":[100,100],"ix":3},"r":{"a":0,"k":0,"ix":6},"o":{"a":0,"k":100,"ix":7},"sk":{"a":0,"k":0,"ix":4},"sa":{"a":0,"k":0,"ix":5},"nm":"Transform"}],"nm":"Group 1","np":7,"cix":2,"bm":0,"ix":1,"mn":"ADBE Vector Group","hd":false}],"ip":0,"op":60.0000024438501,"st":0,"bm":0},{"ddd":0,"ind":15,"ty":4,"nm":"Ribbon Back","parent":8,"sr":1,"ks":{"o":{"a":0,"k":100,"ix":11},"r":{"a":0,"k":0,"ix":10},"p":{"a":0,"k":[0,0,0],"ix":2},"a":{"a":0,"k":[500,500,0],"ix":1},"s":{"a":0,"k":[100,100,100],"ix":6}},"ao":0,"shapes":[{"ty":"gr","it":[{"ind":0,"ty":"sh","ix":1,"ks":{"a":0,"k":{"i":[[25.546,0],[0,0],[0,0],[0,0],[-26.715,20.534],[0,0],[0,-25.547]],"o":[[0,0],[0,0],[0,0],[0,-36.225],[0,0],[25.546,0],[0,25.546]],"v":[[9.703,46.33],[-68.611,46.33],[-68.719,46.33],[-68.719,42.694],[-24.753,-46.33],[9.703,-46.33],[56.031,0]],"c":true},"ix":2},"nm":"Path 1","mn":"ADBE Vector Shape - Group","hd":false},{"ind":1,"ty":"sh","ix":2,"ks":{"a":0,"k":{"i":[[38.348,0],[0,0],[0,0],[0,0],[2.416,-0.162],[0,-59.447],[0,0],[0,0],[0,0],[0,0],[0,38.36]],"o":[[0,0],[0,0],[0,0],[-2.452,0],[-58.504,3.764],[0,0],[0,0],[0,0],[0,0],[38.348,0],[0,-38.36]],"v":[[76.839,-69.565],[27.473,-69.565],[15.22,-69.565],[-34.146,-69.565],[-41.442,-69.321],[-146.404,42.694],[-146.404,69.565],[-97.039,69.565],[-68.719,69.565],[76.839,69.565],[146.404,0]],"c":true},"ix":2},"nm":"Path 2","mn":"ADBE Vector Shape - Group","hd":false},{"ty":"mm","mm":1,"nm":"Merge Paths 1","mn":"ADBE Vector Filter - Merge","hd":false},{"ty":"fl","c":{"a":0,"k":[0.949019607843,0.490196078431,0.078431372549,1],"ix":4},"o":{"a":0,"k":100,"ix":5},"r":1,"bm":0,"nm":"Fill 1","mn":"ADBE Vector Graphic - Fill","hd":false},{"ty":"tr","p":{"a":0,"k":[633.273,361.355],"ix":2},"a":{"a":0,"k":[0,0],"ix":1},"s":{"a":0,"k":[100,100],"ix":3},"r":{"a":0,"k":0,"ix":6},"o":{"a":0,"k":100,"ix":7},"sk":{"a":0,"k":0,"ix":4},"sa":{"a":0,"k":0,"ix":5},"nm":"Transform"}],"nm":"Group 1","np":6,"cix":2,"bm":0,"ix":1,"mn":"ADBE Vector Group","hd":false},{"ty":"gr","it":[{"ind":0,"ty":"sh","ix":1,"ks":{"a":0,"k":{"i":[[0,0],[0,0],[2.508,2.784],[0,14.892],[-10.491,10.491],[-1.977,1.521],[-0.185,0.138],[0,0],[0,-49.061]],"o":[[0,0],[-3.003,-2.252],[-9.232,-10.265],[0,-16.009],[1.753,-1.764],[0.184,-0.14],[0,0],[49.061,0],[0,0]],"v":[[68.224,46.315],[-21.405,46.315],[-29.674,38.726],[-44.542,0.001],[-27.569,-40.975],[-21.954,-45.892],[-21.405,-46.316],[-20.773,-46.316],[68.224,42.681]],"c":true},"ix":2},"nm":"Path 1","mn":"ADBE Vector Shape - Group","hd":false},{"ind":1,"ty":"sh","ix":2,"ks":{"a":0,"k":{"i":[[-27.295,20.462],[26.15,0],[0,0],[1.936,-0.157],[9.514,-6.348],[0,0],[10.479,-10.49],[0,-16.009],[-32.006,0],[0,0],[-0.01,-0.007],[-14.26,0],[0,0],[0,0]],"o":[[-19.79,-14.142],[0,0],[-1.975,0],[-11.957,0.987],[0,0],[-15.997,0],[-10.491,10.491],[0,32.005],[0,0],[0.01,0.007],[11.021,7.307],[0,0],[0,0],[0,-36.658]],"v":[[136.481,-47.105],[66.327,-69.582],[-7.62,-69.582],[-13.504,-69.306],[-46.104,-57.948],[-78.534,-57.948],[-119.508,-40.975],[-136.481,0.001],[-78.534,57.947],[-46.161,57.947],[-46.133,57.968],[-7.62,69.582],[91.49,69.582],[91.49,42.681]],"c":true},"ix":2},"nm":"Path 2","mn":"ADBE Vector Shape - Group","hd":false},{"ty":"mm","mm":1,"nm":"Merge Paths 1","mn":"ADBE Vector Filter - Merge","hd":false},{"ty":"fl","c":{"a":0,"k":[0.949019607843,0.490196078431,0.078431372549,1],"ix":4},"o":{"a":0,"k":100,"ix":5},"r":1,"bm":0,"nm":"Fill 1","mn":"ADBE Vector Graphic - Fill","hd":false},{"ty":"tr","p":{"a":0,"k":[377.624,361.354],"ix":2},"a":{"a":0,"k":[0,0],"ix":1},"s":{"a":0,"k":[100,100],"ix":3},"r":{"a":0,"k":0,"ix":6},"o":{"a":0,"k":100,"ix":7},"sk":{"a":0,"k":0,"ix":4},"sa":{"a":0,"k":0,"ix":5},"nm":"Transform"}],"nm":"Group 2","np":6,"cix":2,"bm":0,"ix":2,"mn":"ADBE Vector Group","hd":false}],"ip":0,"op":60.0000024438501,"st":0,"bm":0},{"ddd":0,"ind":16,"ty":4,"nm":"Shadow/Gift Outlines","parent":20,"sr":1,"ks":{"o":{"a":0,"k":25,"ix":11},"r":{"a":0,"k":0,"ix":10},"p":{"a":0,"k":[50,-296,0],"ix":2},"a":{"a":0,"k":[500,500,0],"ix":1},"s":{"a":0,"k":[100,112,100],"ix":6}},"ao":0,"shapes":[{"ty":"gr","it":[{"ind":0,"ty":"sh","ix":1,"ks":{"a":0,"k":{"i":[[0,0],[0,0],[0,0],[0,0]],"o":[[0,0],[0,0],[0,0],[0,0]],"v":[[-500,500],[500,500],[500,-500],[-500,-500]],"c":true},"ix":2},"nm":"Path 1","mn":"ADBE Vector Shape - Group","hd":false},{"ind":1,"ty":"sh","ix":2,"ks":{"a":0,"k":{"i":[[0,0],[0,0],[0,0],[0,0]],"o":[[0,0],[0,0],[0,0],[0,0]],"v":[[-500,-500],[500,-500],[500,500],[-500,500]],"c":true},"ix":2},"nm":"Path 2","mn":"ADBE Vector Shape - Group","hd":false},{"ind":2,"ty":"sh","ix":3,"ks":{"a":0,"k":{"i":[[0,0],[0,0],[0,0],[0,0]],"o":[[0,0],[0,0],[0,0],[0,0]],"v":[[21.006,117.163],[289.937,117.163],[289.937,19],[21.006,19]],"c":true},"ix":2},"nm":"Path 3","mn":"ADBE Vector Shape - Group","hd":false},{"ty":"mm","mm":1,"nm":"Merge Paths 1","mn":"ADBE Vector Filter - Merge","hd":false},{"ty":"fl","c":{"a":0,"k":[0,0,0,1],"ix":4},"o":{"a":0,"k":100,"ix":5},"r":1,"bm":0,"nm":"Fill 1","mn":"ADBE Vector Graphic - Fill","hd":false},{"ty":"tr","p":{"a":0,"k":[500,500],"ix":2},"a":{"a":0,"k":[0,0],"ix":1},"s":{"a":0,"k":[100,100],"ix":3},"r":{"a":0,"k":0,"ix":6},"o":{"a":0,"k":100,"ix":7},"sk":{"a":0,"k":0,"ix":4},"sa":{"a":0,"k":0,"ix":5},"nm":"Transform"}],"nm":"Group 1","np":5,"cix":2,"bm":0,"ix":1,"mn":"ADBE Vector Group","hd":false},{"ty":"gr","it":[{"ind":0,"ty":"sh","ix":1,"ks":{"a":0,"k":{"i":[[0,0],[0,0],[0,0],[0,0]],"o":[[0,0],[0,0],[0,0],[0,0]],"v":[[-500,500],[500,500],[500,-500],[-500,-500]],"c":true},"ix":2},"nm":"Path 1","mn":"ADBE Vector Shape - Group","hd":false},{"ind":1,"ty":"sh","ix":2,"ks":{"a":0,"k":{"i":[[0,0],[0,0],[0,0],[0,0]],"o":[[0,0],[0,0],[0,0],[0,0]],"v":[[-500,-500],[500,-500],[500,500],[-500,500]],"c":true},"ix":2},"nm":"Path 2","mn":"ADBE Vector Shape - Group","hd":false},{"ind":2,"ty":"sh","ix":3,"ks":{"a":0,"k":{"i":[[0,0],[0,0],[0,0],[0,0]],"o":[[0,0],[0,0],[0,0],[0,0]],"v":[[-310.19,117.163],[21.006,117.163],[21.006,19],[-310.19,19]],"c":true},"ix":2},"nm":"Path 3","mn":"ADBE Vector Shape - Group","hd":false},{"ty":"mm","mm":1,"nm":"Merge Paths 1","mn":"ADBE Vector Filter - Merge","hd":false},{"ty":"fl","c":{"a":0,"k":[0,0,0,1],"ix":4},"o":{"a":0,"k":100,"ix":5},"r":1,"bm":0,"nm":"Fill 1","mn":"ADBE Vector Graphic - Fill","hd":false},{"ty":"tr","p":{"a":0,"k":[500,500],"ix":2},"a":{"a":0,"k":[0,0],"ix":1},"s":{"a":0,"k":[100,100],"ix":3},"r":{"a":0,"k":0,"ix":6},"o":{"a":0,"k":100,"ix":7},"sk":{"a":0,"k":0,"ix":4},"sa":{"a":0,"k":0,"ix":5},"nm":"Transform"}],"nm":"Group 2","np":5,"cix":2,"bm":0,"ix":2,"mn":"ADBE Vector Group","hd":false}],"ip":0,"op":60.0000024438501,"st":0,"bm":0},{"ddd":0,"ind":17,"ty":4,"nm":"Layer 7/Gift Outlines","parent":20,"sr":1,"ks":{"o":{"a":0,"k":100,"ix":11},"r":{"a":0,"k":0,"ix":10},"p":{"a":0,"k":[50,-310,0],"ix":2},"a":{"a":0,"k":[500,500,0],"ix":1},"s":{"a":0,"k":[100,100,100],"ix":6}},"ao":0,"shapes":[{"ty":"gr","it":[{"ind":0,"ty":"sh","ix":1,"ks":{"a":0,"k":{"i":[[0,0],[0,0],[0,0],[0,0]],"o":[[0,0],[0,0],[0,0],[0,0]],"v":[[41.388,196.014],[-41.388,196.014],[-41.388,-196.014],[41.388,-196.014]],"c":true},"ix":2},"nm":"Path 1","mn":"ADBE Vector Shape - Group","hd":false},{"ty":"gf","o":{"a":0,"k":100,"ix":10},"r":1,"bm":0,"g":{"p":3,"k":{"a":0,"k":[0.001,1,0.545,0,0.372,0.984,0.629,0,1,0.969,0.714,0],"ix":9}},"s":{"a":0,"k":[-0.383,119.953],"ix":5},"e":{"a":0,"k":[-3.367,-228.352],"ix":6},"t":1,"nm":"Gradient Fill 1","mn":"ADBE Vector Graphic - G-Fill","hd":false},{"ty":"tr","p":{"a":0,"k":[655.472,715.014],"ix":2},"a":{"a":0,"k":[0,0],"ix":1},"s":{"a":0,"k":[100,100],"ix":3},"r":{"a":0,"k":0,"ix":6},"o":{"a":0,"k":100,"ix":7},"sk":{"a":0,"k":0,"ix":4},"sa":{"a":0,"k":0,"ix":5},"nm":"Transform"}],"nm":"Group 1","np":2,"cix":2,"bm":0,"ix":1,"mn":"ADBE Vector Group","hd":false},{"ty":"gr","it":[{"ind":0,"ty":"sh","ix":1,"ks":{"a":0,"k":{"i":[[0,0],[0,0],[0,0],[0,0]],"o":[[0,0],[0,0],[0,0],[0,0]],"v":[[41.388,196.014],[-41.388,196.014],[-41.388,-196.014],[41.388,-196.014]],"c":true},"ix":2},"nm":"Path 1","mn":"ADBE Vector Shape - Group","hd":false},{"ty":"gf","o":{"a":0,"k":100,"ix":10},"r":1,"bm":0,"g":{"p":3,"k":{"a":0,"k":[0.001,1,0.545,0,0.372,0.984,0.629,0,1,0.969,0.714,0],"ix":9}},"s":{"a":0,"k":[-0.383,119.953],"ix":5},"e":{"a":0,"k":[-3.367,-228.352],"ix":6},"t":1,"nm":"Gradient Fill 1","mn":"ADBE Vector Graphic - G-Fill","hd":false},{"ty":"tr","p":{"a":0,"k":[345.705,715.014],"ix":2},"a":{"a":0,"k":[0,0],"ix":1},"s":{"a":0,"k":[100,100],"ix":3},"r":{"a":0,"k":0,"ix":6},"o":{"a":0,"k":100,"ix":7},"sk":{"a":0,"k":0,"ix":4},"sa":{"a":0,"k":0,"ix":5},"nm":"Transform"}],"nm":"Group 2","np":2,"cix":2,"bm":0,"ix":2,"mn":"ADBE Vector Group","hd":false}],"ip":0,"op":60.0000024438501,"st":0,"bm":0},{"ddd":0,"ind":18,"ty":4,"nm":"body R","parent":20,"sr":1,"ks":{"o":{"a":0,"k":100,"ix":11},"r":{"a":0,"k":0,"ix":10},"p":{"a":0,"k":[50,-310,0],"ix":2},"a":{"a":0,"k":[500,500,0],"ix":1},"s":{"a":0,"k":[100,100,100],"ix":6}},"ao":0,"shapes":[{"ty":"gr","it":[{"ind":0,"ty":"sh","ix":1,"ks":{"a":0,"k":{"i":[[21.5,0],[0,0],[0,21.5],[0,0],[0,0],[0,0]],"o":[[0,0],[-21.501,0],[0,0],[0,0],[0,0],[0,21.5]],"v":[[126.668,195.904],[-126.667,195.904],[-165.598,156.973],[-165.598,-195.904],[165.598,-195.904],[165.598,156.973]],"c":true},"ix":2},"nm":"Path 1","mn":"ADBE Vector Shape - Group","hd":false},{"ty":"gf","o":{"a":0,"k":100,"ix":10},"r":1,"bm":0,"g":{"p":3,"k":{"a":0,"k":[0.001,0.525,0.031,1,0.372,0.596,0.137,1,1,0.667,0.243,1],"ix":9}},"s":{"a":0,"k":[-75.047,24.359],"ix":5},"e":{"a":0,"k":[145.648,57.664],"ix":6},"t":1,"nm":"Gradient Fill 1","mn":"ADBE Vector Graphic - G-Fill","hd":false},{"ty":"tr","p":{"a":0,"k":[355.408,715.125],"ix":2},"a":{"a":0,"k":[0,0],"ix":1},"s":{"a":0,"k":[100,100],"ix":3},"r":{"a":0,"k":0,"ix":6},"o":{"a":0,"k":100,"ix":7},"sk":{"a":0,"k":0,"ix":4},"sa":{"a":0,"k":0,"ix":5},"nm":"Transform"}],"nm":"Group 1","np":4,"cix":2,"bm":0,"ix":1,"mn":"ADBE Vector Group","hd":false}],"ip":0,"op":60.0000024438501,"st":0,"bm":0},{"ddd":0,"ind":19,"ty":4,"nm":"Layer 8/Gift Outlines","parent":20,"sr":1,"ks":{"o":{"a":0,"k":100,"ix":11},"r":{"a":0,"k":0,"ix":10},"p":{"a":0,"k":[50,-310,0],"ix":2},"a":{"a":0,"k":[500,500,0],"ix":1},"s":{"a":0,"k":[100,100,100],"ix":6}},"ao":0,"shapes":[{"ty":"gr","it":[{"ind":0,"ty":"sh","ix":1,"ks":{"a":0,"k":{"i":[[21.865,0],[0,0],[0,0],[0,0],[0,0]],"o":[[0,0],[0,0],[0,0],[0,0],[0,21.866]],"v":[[135.379,195.904],[-174.97,195.904],[-174.97,-195.904],[174.97,-195.904],[174.97,156.312]],"c":true},"ix":2},"nm":"Path 1","mn":"ADBE Vector Shape - Group","hd":false},{"ty":"gf","o":{"a":0,"k":100,"ix":10},"r":1,"bm":0,"g":{"p":3,"k":{"a":0,"k":[0.001,0.525,0.031,1,0.372,0.596,0.137,1,1,0.667,0.243,1],"ix":9}},"s":{"a":0,"k":[-73.719,52.992],"ix":5},"e":{"a":0,"k":[180.438,-75.859],"ix":6},"t":1,"nm":"Gradient Fill 1","mn":"ADBE Vector Graphic - G-Fill","hd":false},{"ty":"tr","p":{"a":0,"k":[614.968,715.125],"ix":2},"a":{"a":0,"k":[0,0],"ix":1},"s":{"a":0,"k":[100,100],"ix":3},"r":{"a":0,"k":0,"ix":6},"o":{"a":0,"k":100,"ix":7},"sk":{"a":0,"k":0,"ix":4},"sa":{"a":0,"k":0,"ix":5},"nm":"Transform"}],"nm":"Group 1","np":4,"cix":2,"bm":0,"ix":1,"mn":"ADBE Vector Group","hd":false}],"ip":0,"op":60.0000024438501,"st":0,"bm":0},{"ddd":0,"ind":20,"ty":3,"nm":"Body","sr":1,"ks":{"o":{"a":0,"k":0,"ix":11},"r":{"a":0,"k":0,"ix":10},"p":{"a":1,"k":[{"i":{"x":0.667,"y":0.667},"o":{"x":0.167,"y":0.167},"t":0,"s":[502,910,0],"to":[0,0,0],"ti":[0,0,0]},{"t":14.0000005702317,"s":[502,910,0]}],"ix":2},"a":{"a":0,"k":[52,100,0],"ix":1},"s":{"a":1,"k":[{"i":{"x":[0.667,0.667,0.667],"y":[1,1,1]},"o":{"x":[0.167,0.167,0.167],"y":[0.167,0,0]},"t":0,"s":[100,100,100]},{"i":{"x":[0.667,0.667,0.667],"y":[1,1,1]},"o":{"x":[0.167,0.167,0.167],"y":[0.167,0.167,0]},"t":4,"s":[109,100,100]},{"i":{"x":[0.667,0.667,0.667],"y":[1,1,1]},"o":{"x":[0.167,0.167,0.167],"y":[0.167,0.167,0]},"t":6,"s":[86,116,100]},{"i":{"x":[0.667,0.667,0.667],"y":[1,1,1]},"o":{"x":[0.167,0.167,0.167],"y":[0.167,0,0]},"t":12,"s":[109,100,100]},{"t":14.0000005702317,"s":[100,100,100]}],"ix":6}},"ao":0,"ip":0,"op":60.0000024438501,"st":0,"bm":0}],"markers":[]}